name,title,rental_duration,count_rentalduration,pct_to_rentalduration
Music,Wizard Coldblooded,4,51,0.05100000000000000000
Music,Personal Ladybugs,3,51,0.05100000000000000000
Music,Jawbreaker Brooklyn,5,51,0.05100000000000000000
Music,Lucky Flying,7,51,0.05100000000000000000
Music,Uncut Suicides,7,51,0.05100000000000000000
Music,Youth Kick,4,51,0.05100000000000000000
Music,Words Hunter,3,51,0.05100000000000000000
Music,Elf Murder,4,51,0.05100000000000000000
Music,Driving Polish,6,51,0.05100000000000000000
Music,Impact Aladdin,6,51,0.05100000000000000000
Music,Enemy Odds,5,51,0.05100000000000000000
Music,Outfield Massacre,4,51,0.05100000000000000000
Music,Dorado Notting,5,51,0.05100000000000000000
Music,Legend Jedi,7,51,0.05100000000000000000
Music,Confidential Interview,6,51,0.05100000000000000000
Music,Insider Arizona,5,51,0.05100000000000000000
Music,Home Pity,7,51,0.05100000000000000000
Music,Scalawag Duck,6,51,0.05100000000000000000
Music,Clue Grail,6,51,0.05100000000000000000
Music,Masked Bubble,6,51,0.05100000000000000000
Music,Reds Pocus,7,51,0.05100000000000000000
Music,Vanishing Rocky,3,51,0.05100000000000000000
Music,Heavenly Gun,5,51,0.05100000000000000000
Music,Amelie Hellfighters,4,51,0.05100000000000000000
Music,Hanover Galaxy,5,51,0.05100000000000000000
Music,Birdcage Casper,4,51,0.05100000000000000000
Music,Chamber Italian,7,51,0.05100000000000000000
Music,Alaska Phantom,6,51,0.05100000000000000000
Music,Birch Antitrust,4,51,0.05100000000000000000
Music,Balloon Homeward,5,51,0.05100000000000000000
Music,Banger Pinocchio,5,51,0.05100000000000000000
Music,Alone Trip,3,51,0.05100000000000000000
Music,Telegraph Voyage,3,51,0.05100000000000000000
Music,Minority Kiss,4,51,0.05100000000000000000
Music,Greatest North,5,51,0.05100000000000000000
Music,Won Dares,7,51,0.05100000000000000000
Music,Runner Madigan,6,51,0.05100000000000000000
Music,Go Purple,3,51,0.05100000000000000000
Music,Boogie Amelie,6,51,0.05100000000000000000
Music,Rebel Airport,7,51,0.05100000000000000000
Music,Freaky Pocus,7,51,0.05100000000000000000
Music,Clones Pinocchio,6,51,0.05100000000000000000
Music,Monster Spartacus,6,51,0.05100000000000000000
Music,Roman Punk,7,51,0.05100000000000000000
Music,Silence Kane,7,51,0.05100000000000000000
Music,Oleander Clue,5,51,0.05100000000000000000
Music,Grosse Wonderful,5,51,0.05100000000000000000
Music,Song Hedwig,3,51,0.05100000000000000000
Music,Deer Virginian,7,51,0.05100000000000000000
Music,Terminator Club,5,51,0.05100000000000000000
Music,Taxi Kick,4,51,0.05100000000000000000
Horror,Rollercoaster Bringing,5,56,0.05600000000000000000
Horror,Sinners Atlantis,7,56,0.05600000000000000000
Horror,Strangers Graffiti,4,56,0.05600000000000000000
Horror,Reef Salute,5,56,0.05600000000000000000
Horror,Lady Stage,4,56,0.05600000000000000000
Horror,Drums Dynamite,6,56,0.05600000000000000000
Horror,World Leathernecks,3,56,0.05600000000000000000
Horror,Rock Instinct,4,56,0.05600000000000000000
Horror,Tarzan Videotape,3,56,0.05600000000000000000
Horror,Patton Interview,4,56,0.05600000000000000000
Horror,Alabama Devil,3,56,0.05600000000000000000
Horror,Sleeping Suspects,7,56,0.05600000000000000000
Horror,Kentuckian Giant,5,56,0.05600000000000000000
Horror,Behavior Runaway,3,56,0.05600000000000000000
Horror,Monterey Labyrinth,6,56,0.05600000000000000000
Horror,Treasure Command,3,56,0.05600000000000000000
Horror,Gaslight Crusade,4,56,0.05600000000000000000
Horror,Arabia Dogma,6,56,0.05600000000000000000
Horror,Train Bunch,3,56,0.05600000000000000000
Horror,Swarm Gold,4,56,0.05600000000000000000
Horror,Reap Unfaithful,6,56,0.05600000000000000000
Horror,Lola Agent,4,56,0.05600000000000000000
Horror,Arachnophobia Rollercoaster,4,56,0.05600000000000000000
Horror,Karate Moon,4,56,0.05600000000000000000
Horror,Yentl Idaho,5,56,0.05600000000000000000
Horror,Ace Goldfinger,3,56,0.05600000000000000000
Horror,Ali Forever,4,56,0.05600000000000000000
Horror,Temple Attraction,5,56,0.05600000000000000000
Horror,Commandments Express,6,56,0.05600000000000000000
Horror,Elephant Trojan,4,56,0.05600000000000000000
Horror,Family Sweet,4,56,0.05600000000000000000
Horror,Affair Prejudice,5,56,0.05600000000000000000
Horror,Carrie Bunch,7,56,0.05600000000000000000
Horror,Motions Details,5,56,0.05600000000000000000
Horror,Panic Club,3,56,0.05600000000000000000
Horror,Rules Human,6,56,0.05600000000000000000
Horror,Egypt Tenenbaums,3,56,0.05600000000000000000
Horror,Love Suicides,6,56,0.05600000000000000000
Horror,Japanese Run,6,56,0.05600000000000000000
Horror,Bowfinger Gables,7,56,0.05600000000000000000
Horror,Spirit Flintstones,7,56,0.05600000000000000000
Horror,Freddy Storm,6,56,0.05600000000000000000
Horror,High Encino,3,56,0.05600000000000000000
Horror,Desert Poseidon,4,56,0.05600000000000000000
Horror,Airport Pollock,6,56,0.05600000000000000000
Horror,Analyze Hoosiers,6,56,0.05600000000000000000
Horror,Pulp Beverly,4,56,0.05600000000000000000
Horror,Anything Savannah,4,56,0.05600000000000000000
Horror,Texas Watch,7,56,0.05600000000000000000
Horror,Watership Frontier,6,56,0.05600000000000000000
Horror,Paris Weekend,7,56,0.05600000000000000000
Horror,Fidelity Devil,5,56,0.05600000000000000000
Horror,Streetcar Intentions,5,56,0.05600000000000000000
Horror,Zhivago Core,6,56,0.05600000000000000000
Horror,Undefeated Dalmations,7,56,0.05600000000000000000
Horror,Simon North,3,56,0.05600000000000000000
Travel,Outlaw Hanky,7,57,0.05700000000000000000
Classics,Holy Tadpole,6,57,0.05700000000000000000
Classics,Patient Sister,7,57,0.05700000000000000000
Travel,Order Betrayed,7,57,0.05700000000000000000
Classics,Gilbert Pelican,7,57,0.05700000000000000000
Classics,Spiking Element,7,57,0.05700000000000000000
Travel,Madigan Dorado,5,57,0.05700000000000000000
Travel,Shawshank Bubble,6,57,0.05700000000000000000
Classics,Lights Deer,7,57,0.05700000000000000000
Classics,Color Philadelphia,6,57,0.05700000000000000000
Classics,Prejudice Oleander,6,57,0.05700000000000000000
Travel,Superfly Trip,5,57,0.05700000000000000000
Travel,Expecations Natural,5,57,0.05700000000000000000
Travel,Bird Independence,6,57,0.05700000000000000000
Travel,Boondock Ballroom,7,57,0.05700000000000000000
Classics,Snatchers Montezuma,4,57,0.05700000000000000000
Travel,Lock Rear,7,57,0.05700000000000000000
Travel,Muscle Bright,7,57,0.05700000000000000000
Classics,Cruelty Unforgiven,7,57,0.05700000000000000000
Travel,Window Side,3,57,0.05700000000000000000
Travel,Italian African,3,57,0.05700000000000000000
Travel,Basic Easy,4,57,0.05700000000000000000
Classics,Extraordinary Conquerer,6,57,0.05700000000000000000
Travel,Drumline Cyclone,3,57,0.05700000000000000000
Classics,Malkovich Pet,6,57,0.05700000000000000000
Travel,Coma Head,6,57,0.05700000000000000000
Classics,Summer Scarface,5,57,0.05700000000000000000
Travel,Working Microcosmos,4,57,0.05700000000000000000
Travel,Disciple Mother,3,57,0.05700000000000000000
Classics,Dynamite Tarzan,4,57,0.05700000000000000000
Travel,Kick Savannah,3,57,0.05700000000000000000
Classics,Musketeers Wait,7,57,0.05700000000000000000
Classics,Lovely Jingle,3,57,0.05700000000000000000
Classics,Dracula Crystal,7,57,0.05700000000000000000
Classics,Hope Tootsie,4,57,0.05700000000000000000
Classics,Million Ace,4,57,0.05700000000000000000
Travel,Papi Necklace,3,57,0.05700000000000000000
Travel,Liaisons Sweet,5,57,0.05700000000000000000
Travel,Gump Date,3,57,0.05700000000000000000
Classics,Steel Santa,4,57,0.05700000000000000000
Classics,Loathing Legally,4,57,0.05700000000000000000
Travel,Born Spinal,7,57,0.05700000000000000000
Classics,October Submarine,6,57,0.05700000000000000000
Travel,Desperate Trainspotting,7,57,0.05700000000000000000
Travel,Arsenic Independence,4,57,0.05700000000000000000
Classics,Tadpole Park,6,57,0.05700000000000000000
Travel,Smile Earring,4,57,0.05700000000000000000
Classics,Core Suit,3,57,0.05700000000000000000
Travel,Comforts Rush,3,57,0.05700000000000000000
Travel,Speed Suit,7,57,0.05700000000000000000
Travel,Frogmen Breaking,5,57,0.05700000000000000000
Classics,Galaxy Sweethearts,4,57,0.05700000000000000000
Travel,Wolves Desire,7,57,0.05700000000000000000
Travel,Games Bowfinger,7,57,0.05700000000000000000
Classics,Candidate Perdition,4,57,0.05700000000000000000
Classics,Lover Truman,3,57,0.05700000000000000000
Classics,Iron Moon,7,57,0.05700000000000000000
Travel,Haunted Antitrust,6,57,0.05700000000000000000
Classics,Volume House,7,57,0.05700000000000000000
Travel,Factory Dragon,4,57,0.05700000000000000000
Travel,Fugitive Maguire,7,57,0.05700000000000000000
Classics,Detective Vision,4,57,0.05700000000000000000
Travel,Cassidy Wyoming,5,57,0.05700000000000000000
Travel,Escape Metropolis,7,57,0.05700000000000000000
Travel,Horror Reign,3,57,0.05700000000000000000
Classics,Bound Cheaper,5,57,0.05700000000000000000
Classics,Jerk Paycheck,3,57,0.05700000000000000000
Travel,Teen Apollo,3,57,0.05700000000000000000
Classics,Magnificent Chitty,3,57,0.05700000000000000000
Classics,Pajama Jawbreaker,3,57,0.05700000000000000000
Travel,Shining Roses,4,57,0.05700000000000000000
Travel,Fellowship Autumn,6,57,0.05700000000000000000
Classics,Roots Remember,4,57,0.05700000000000000000
Classics,Center Dinosaur,5,57,0.05700000000000000000
Travel,Bucket Brotherhood,7,57,0.05700000000000000000
Classics,Voyage Legally,6,57,0.05700000000000000000
Classics,Beast Hunchback,3,57,0.05700000000000000000
Classics,Hyde Doctor,5,57,0.05700000000000000000
Travel,Igby Maker,7,57,0.05700000000000000000
Travel,Tomatoes Hellfighters,6,57,0.05700000000000000000
Travel,Traffic Hobbit,5,57,0.05700000000000000000
Classics,Sling Luke,5,57,0.05700000000000000000
Travel,Worker Tarzan,7,57,0.05700000000000000000
Classics,Wasteland Divine,7,57,0.05700000000000000000
Classics,Jeepers Wedding,3,57,0.05700000000000000000
Classics,Jingle Sagebrush,6,57,0.05700000000000000000
Travel,Enough Raging,7,57,0.05700000000000000000
Classics,Right Cranes,7,57,0.05700000000000000000
Travel,Leathernecks Dwarfs,6,57,0.05700000000000000000
Classics,Island Exorcist,7,57,0.05700000000000000000
Classics,Towers Hurricane,7,57,0.05700000000000000000
Classics,Frost Head,5,57,0.05700000000000000000
Travel,Boiled Dares,7,57,0.05700000000000000000
Travel,Moulin Wake,4,57,0.05700000000000000000
Classics,Timberland Sky,3,57,0.05700000000000000000
Classics,Creepers Kane,5,57,0.05700000000000000000
Travel,Contact Anonymous,7,57,0.05700000000000000000
Travel,Stone Fire,3,57,0.05700000000000000000
Classics,Jeopardy Encino,3,57,0.05700000000000000000
Travel,Casablanca Super,6,57,0.05700000000000000000
Classics,Requiem Tycoon,6,57,0.05700000000000000000
Classics,Tomorrow Hustler,3,57,0.05700000000000000000
Travel,Sweet Brotherhood,3,57,0.05700000000000000000
Classics,Gilmore Boiled,5,57,0.05700000000000000000
Travel,Shanghai Tycoon,7,57,0.05700000000000000000
Classics,Conspiracy Spirit,4,57,0.05700000000000000000
Classics,Arizona Bang,3,57,0.05700000000000000000
Travel,Shane Darkness,5,57,0.05700000000000000000
Classics,League Hellfighters,5,57,0.05700000000000000000
Classics,Westward Seabiscuit,7,57,0.05700000000000000000
Travel,Trouble Date,6,57,0.05700000000000000000
Travel,Others Soup,7,57,0.05700000000000000000
Travel,Valentine Vanishing,7,57,0.05700000000000000000
Classics,Alice Fantasia,6,57,0.05700000000000000000
Comedy,Ferris Mother,3,58,0.05800000000000000000
Comedy,Closer Bang,5,58,0.05800000000000000000
Comedy,Connection Microcosmos,6,58,0.05800000000000000000
Comedy,Downhill Enough,3,58,0.05800000000000000000
Comedy,Hate Handicap,4,58,0.05800000000000000000
Comedy,Memento Zoolander,4,58,0.05800000000000000000
Comedy,Mystic Truman,5,58,0.05800000000000000000
Comedy,Pinocchio Simon,4,58,0.05800000000000000000
Comedy,Freedom Cleopatra,5,58,0.05800000000000000000
Comedy,Perfect Groove,7,58,0.05800000000000000000
Comedy,Jaws Harry,4,58,0.05800000000000000000
Comedy,Frankenstein Stranger,7,58,0.05800000000000000000
Comedy,Crazy Home,7,58,0.05800000000000000000
Comedy,Vertigo Northwest,4,58,0.05800000000000000000
Comedy,Paradise Sabrina,5,58,0.05800000000000000000
Comedy,Lion Uncut,6,58,0.05800000000000000000
Comedy,Trainspotting Strangers,7,58,0.05800000000000000000
Comedy,Life Twisted,4,58,0.05800000000000000000
Comedy,Dying Maker,5,58,0.05800000000000000000
Comedy,Anthem Luke,5,58,0.05800000000000000000
Comedy,Element Freddy,6,58,0.05800000000000000000
Comedy,Knock Warlock,4,58,0.05800000000000000000
Comedy,Wisdom Worker,3,58,0.05800000000000000000
Comedy,Operation Operation,7,58,0.05800000000000000000
Comedy,Zorro Ark,3,58,0.05800000000000000000
Comedy,Hedwig Alter,7,58,0.05800000000000000000
Comedy,Saturn Name,7,58,0.05800000000000000000
Comedy,Caper Motions,6,58,0.05800000000000000000
Comedy,Cat Coneheads,5,58,0.05800000000000000000
Comedy,Valley Packer,3,58,0.05800000000000000000
Comedy,Tramp Others,4,58,0.05800000000000000000
Comedy,Doom Dancing,4,58,0.05800000000000000000
Comedy,Groundhog Uncut,6,58,0.05800000000000000000
Comedy,Pure Runner,3,58,0.05800000000000000000
Comedy,Flintstones Happiness,3,58,0.05800000000000000000
Comedy,Saddle Antitrust,7,58,0.05800000000000000000
Comedy,Submarine Bed,5,58,0.05800000000000000000
Comedy,Gunfight Moon,5,58,0.05800000000000000000
Comedy,Strictly Scarface,3,58,0.05800000000000000000
Comedy,Snatch Slipper,6,58,0.05800000000000000000
Comedy,Searchers Wait,3,58,0.05800000000000000000
Comedy,Mulan Moon,4,58,0.05800000000000000000
Comedy,Velvet Terminator,3,58,0.05800000000000000000
Comedy,Control Anthem,7,58,0.05800000000000000000
Comedy,Daddy Pittsburgh,5,58,0.05800000000000000000
Comedy,Gold River,4,58,0.05800000000000000000
Comedy,Bringing Hysterical,7,58,0.05800000000000000000
Comedy,Lonely Elephant,3,58,0.05800000000000000000
Comedy,Party Knock,7,58,0.05800000000000000000
Comedy,Airplane Sierra,6,58,0.05800000000000000000
Comedy,Hustler Party,3,58,0.05800000000000000000
Comedy,Fireball Philadelphia,4,58,0.05800000000000000000
Comedy,Heaven Freedom,7,58,0.05800000000000000000
Comedy,Hurricane Affair,6,58,0.05800000000000000000
Comedy,Mallrats United,4,58,0.05800000000000000000
Comedy,Rushmore Mermaid,6,58,0.05800000000000000000
Comedy,Sweden Shining,6,58,0.05800000000000000000
Comedy,Stage World,4,58,0.05800000000000000000
Children,Microcosmos Paradise,6,60,0.06000000000000000000
Children,Beneath Rush,6,60,0.06000000000000000000
Children,Sabrina Midnight,5,60,0.06000000000000000000
Children,Shepherd Midsummer,7,60,0.06000000000000000000
Children,Murder Antitrust,6,60,0.06000000000000000000
Children,Circus Youth,5,60,0.06000000000000000000
Children,Sweethearts Suspects,3,60,0.06000000000000000000
Children,Robbers Joon,7,60,0.06000000000000000000
Children,Zoolander Fiction,5,60,0.06000000000000000000
Children,Stranger Strangers,3,60,0.06000000000000000000
Children,Hollywood Anonymous,7,60,0.06000000000000000000
Children,Sundance Invasion,5,60,0.06000000000000000000
Children,Jersey Sassy,6,60,0.06000000000000000000
Children,Jumping Wrath,4,60,0.06000000000000000000
Children,Twisted Pirates,4,60,0.06000000000000000000
Children,Doctor Grail,4,60,0.06000000000000000000
Children,Maker Gables,4,60,0.06000000000000000000
Children,Ties Hunger,3,60,0.06000000000000000000
Children,Model Fish,4,60,0.06000000000000000000
Children,Sister Freddy,5,60,0.06000000000000000000
Children,Heartbreakers Bright,3,60,0.06000000000000000000
Children,Legally Secretary,7,60,0.06000000000000000000
Children,Walls Artist,7,60,0.06000000000000000000
Children,Ghost Groundhog,6,60,0.06000000000000000000
Children,Warlock Werewolf,6,60,0.06000000000000000000
Children,Scarface Bang,3,60,0.06000000000000000000
Children,Splendor Patton,5,60,0.06000000000000000000
Children,Graduate Lord,7,60,0.06000000000000000000
Children,Daughter Madigan,3,60,0.06000000000000000000
Children,Clockwork Paradise,7,60,0.06000000000000000000
Children,Invasion Cyclone,5,60,0.06000000000000000000
Children,Crooked Frogmen,6,60,0.06000000000000000000
Children,Labyrinth League,6,60,0.06000000000000000000
Children,Strangelove Desire,4,60,0.06000000000000000000
Children,Casper Dragonfly,3,60,0.06000000000000000000
Children,Forever Candidate,7,60,0.06000000000000000000
Children,Hall Cassidy,5,60,0.06000000000000000000
Children,Language Cowboy,5,60,0.06000000000000000000
Children,Comancheros Enemy,5,60,0.06000000000000000000
Children,Holocaust Highball,6,60,0.06000000000000000000
Children,Polish Brooklyn,6,60,0.06000000000000000000
Children,Tootsie Pilot,3,60,0.06000000000000000000
Children,Backlash Undefeated,3,60,0.06000000000000000000
Children,Betrayed Rear,5,60,0.06000000000000000000
Children,Empire Malkovich,7,60,0.06000000000000000000
Children,Gorgeous Bingo,4,60,0.06000000000000000000
Children,Santa Paris,7,60,0.06000000000000000000
Children,Full Flatliners,6,60,0.06000000000000000000
Children,Bear Graceland,4,60,0.06000000000000000000
Children,Giant Troopers,5,60,0.06000000000000000000
Children,Uptown Young,5,60,0.06000000000000000000
Children,Magic Mallrats,3,60,0.06000000000000000000
Children,Christmas Moonshine,7,60,0.06000000000000000000
Children,Tequila Past,6,60,0.06000000000000000000
Children,Fury Murder,3,60,0.06000000000000000000
Children,Fargo Gandhi,3,60,0.06000000000000000000
Children,Cabin Flash,4,60,0.06000000000000000000
Children,Noon Papi,5,60,0.06000000000000000000
Children,Idols Snatchers,5,60,0.06000000000000000000
Children,Wrong Behavior,6,60,0.06000000000000000000
Games,Moonwalker Fool,5,61,0.06100000000000000000
Games,Rouge Squad,3,61,0.06100000000000000000
Sci-Fi,Wonderland Christmas,4,61,0.06100000000000000000
Games,Gathering Calendar,4,61,0.06100000000000000000
Games,Fantasia Park,5,61,0.06100000000000000000
Sci-Fi,Whisperer Giant,4,61,0.06100000000000000000
Sci-Fi,Sun Confessions,5,61,0.06100000000000000000
Games,Ice Crossing,5,61,0.06100000000000000000
Sci-Fi,Bingo Talented,5,61,0.06100000000000000000
Games,Fever Empire,5,61,0.06100000000000000000
Games,Curtain Videotape,7,61,0.06100000000000000000
Games,Sassy Packer,6,61,0.06100000000000000000
Sci-Fi,Chainsaw Uptown,6,61,0.06100000000000000000
Sci-Fi,Disturbing Scarface,6,61,0.06100000000000000000
Games,Psycho Shrunk,5,61,0.06100000000000000000
Games,Jericho Mulan,3,61,0.06100000000000000000
Games,Private Drop,7,61,0.06100000000000000000
Sci-Fi,Vacation Boondock,4,61,0.06100000000000000000
Sci-Fi,License Weekend,7,61,0.06100000000000000000
Games,Volcano Texas,6,61,0.06100000000000000000
Games,Outbreak Divine,6,61,0.06100000000000000000
Sci-Fi,Crowds Telemark,3,61,0.06100000000000000000
Games,Autumn Crow,3,61,0.06100000000000000000
Games,Maltese Hope,6,61,0.06100000000000000000
Games,Monsoon Cause,6,61,0.06100000000000000000
Sci-Fi,Camelot Vacation,3,61,0.06100000000000000000
Sci-Fi,Daisy Menagerie,5,61,0.06100000000000000000
Sci-Fi,Panther Reds,5,61,0.06100000000000000000
Sci-Fi,Beverly Outlaw,3,61,0.06100000000000000000
Sci-Fi,Mourning Purple,5,61,0.06100000000000000000
Sci-Fi,Garden Island,3,61,0.06100000000000000000
Sci-Fi,Trojan Tomorrow,3,61,0.06100000000000000000
Games,Lambs Cincinatti,6,61,0.06100000000000000000
Sci-Fi,Suicides Silence,4,61,0.06100000000000000000
Sci-Fi,Identity Lover,4,61,0.06100000000000000000
Games,Vanilla Day,7,61,0.06100000000000000000
Sci-Fi,Silverado Goldfinger,4,61,0.06100000000000000000
Sci-Fi,None Spiking,3,61,0.06100000000000000000
Games,Dazed Punk,6,61,0.06100000000000000000
Games,Grinch Massage,7,61,0.06100000000000000000
Sci-Fi,Metropolis Coma,4,61,0.06100000000000000000
Sci-Fi,Express Lonely,5,61,0.06100000000000000000
Games,Human Graffiti,3,61,0.06100000000000000000
Games,Chicago North,6,61,0.06100000000000000000
Sci-Fi,Barbarella Streetcar,6,61,0.06100000000000000000
Sci-Fi,Blindness Gun,6,61,0.06100000000000000000
Sci-Fi,Goldmine Tycoon,6,61,0.06100000000000000000
Sci-Fi,Coldblooded Darling,7,61,0.06100000000000000000
Games,Mars Roman,6,61,0.06100000000000000000
Sci-Fi,Badman Dawn,6,61,0.06100000000000000000
Games,State Wasteland,4,61,0.06100000000000000000
Sci-Fi,Armageddon Lost,5,61,0.06100000000000000000
Games,Encino Elf,6,61,0.06100000000000000000
Games,Roxanne Rebel,5,61,0.06100000000000000000
Games,Wanda Chamber,7,61,0.06100000000000000000
Games,Bulworth Commandments,4,61,0.06100000000000000000
Games,Grit Clockwork,3,61,0.06100000000000000000
Sci-Fi,Titans Jerk,4,61,0.06100000000000000000
Games,Fire Wolves,5,61,0.06100000000000000000
Sci-Fi,Raging Airplane,4,61,0.06100000000000000000
Games,Dirty Ace,7,61,0.06100000000000000000
Sci-Fi,Fish Opus,4,61,0.06100000000000000000
Games,Details Packer,4,61,0.06100000000000000000
Games,Suit Walls,3,61,0.06100000000000000000
Games,Darling Breaking,7,61,0.06100000000000000000
Sci-Fi,Citizen Shrek,7,61,0.06100000000000000000
Sci-Fi,Stallion Sundance,5,61,0.06100000000000000000
Sci-Fi,Annie Identity,3,61,0.06100000000000000000
Sci-Fi,Attacks Hate,5,61,0.06100000000000000000
Games,Spy Mile,6,61,0.06100000000000000000
Sci-Fi,Reign Gentlemen,3,61,0.06100000000000000000
Sci-Fi,Hollow Jeopardy,7,61,0.06100000000000000000
Sci-Fi,Weekend Personal,5,61,0.06100000000000000000
Sci-Fi,Married Go,7,61,0.06100000000000000000
Sci-Fi,Guys Falcon,4,61,0.06100000000000000000
Sci-Fi,Hanky October,5,61,0.06100000000000000000
Games,Massacre Usual,6,61,0.06100000000000000000
Sci-Fi,Cincinatti Whisperer,5,61,0.06100000000000000000
Sci-Fi,Cheaper Clyde,6,61,0.06100000000000000000
Sci-Fi,Hamlet Wisdom,7,61,0.06100000000000000000
Games,Sleuth Orient,4,61,0.06100000000000000000
Games,Creatures Shakespeare,3,61,0.06100000000000000000
Sci-Fi,Dolls Rage,7,61,0.06100000000000000000
Games,Haunting Pianist,5,61,0.06100000000000000000
Games,Roof Champion,7,61,0.06100000000000000000
Sci-Fi,Eyes Driving,4,61,0.06100000000000000000
Sci-Fi,Charade Duffel,3,61,0.06100000000000000000
Sci-Fi,Graffiti Love,3,61,0.06100000000000000000
Sci-Fi,English Bulworth,3,61,0.06100000000000000000
Games,Feathers Metal,3,61,0.06100000000000000000
Sci-Fi,Connecticut Tramp,4,61,0.06100000000000000000
Sci-Fi,Frisco Forrest,6,61,0.06100000000000000000
Games,Name Detective,5,61,0.06100000000000000000
Games,Gun Bonnie,7,61,0.06100000000000000000
Games,Ladybugs Armageddon,4,61,0.06100000000000000000
Sci-Fi,Divide Monster,6,61,0.06100000000000000000
Games,Wind Phantom,6,61,0.06100000000000000000
Games,Videotape Arsenic,4,61,0.06100000000000000000
Games,Head Stranger,4,61,0.06100000000000000000
Games,Seven Swarm,4,61,0.06100000000000000000
Games,Dwarfs Alter,6,61,0.06100000000000000000
Sci-Fi,Nemo Campus,5,61,0.06100000000000000000
Sci-Fi,Chariots Conspiracy,5,61,0.06100000000000000000
Games,Moonshine Cabin,4,61,0.06100000000000000000
Sci-Fi,Random Go,6,61,0.06100000000000000000
Games,Nightmare Chill,3,61,0.06100000000000000000
Games,Tycoon Gathering,3,61,0.06100000000000000000
Games,Candles Grapes,6,61,0.06100000000000000000
Games,Divine Resurrection,4,61,0.06100000000000000000
Games,Stampede Disturbing,5,61,0.06100000000000000000
Games,Panky Submarine,4,61,0.06100000000000000000
Games,Madre Gables,7,61,0.06100000000000000000
Games,Glory Tracy,7,61,0.06100000000000000000
Games,Forward Temple,6,61,0.06100000000000000000
Sci-Fi,Soldiers Evolution,7,61,0.06100000000000000000
Sci-Fi,Open African,7,61,0.06100000000000000000
Games,Dawn Pond,4,61,0.06100000000000000000
Sci-Fi,Fiddler Lost,4,61,0.06100000000000000000
Sci-Fi,Goodfellas Salute,4,61,0.06100000000000000000
Sci-Fi,Unforgiven Zoolander,7,61,0.06100000000000000000
Sci-Fi,Spirited Casualties,5,61,0.06100000000000000000
Games,Pizza Jumanji,4,61,0.06100000000000000000
Drama,Harry Idaho,5,62,0.06200000000000000000
Drama,Lebowski Soldiers,6,62,0.06200000000000000000
Drama,Translation Summer,4,62,0.06200000000000000000
Drama,Spice Sorority,5,62,0.06200000000000000000
Drama,Kwai Homeward,5,62,0.06200000000000000000
Drama,Wardrobe Phantom,6,62,0.06200000000000000000
Drama,Encounters Curtain,5,62,0.06200000000000000000
Drama,Edge Kissing,5,62,0.06200000000000000000
Drama,Seattle Expecations,4,62,0.06200000000000000000
Drama,Bunch Minds,4,62,0.06200000000000000000
Drama,Jacket Frisco,5,62,0.06200000000000000000
Drama,Unfaithful Kill,7,62,0.06200000000000000000
Drama,Greedy Roots,7,62,0.06200000000000000000
Drama,Blade Polish,5,62,0.06200000000000000000
Drama,Saints Bride,5,62,0.06200000000000000000
Drama,Virgin Daisy,6,62,0.06200000000000000000
Drama,Lies Treatment,7,62,0.06200000000000000000
Drama,Something Duck,4,62,0.06200000000000000000
Drama,Necklace Outbreak,3,62,0.06200000000000000000
Drama,Savannah Town,5,62,0.06200000000000000000
Drama,Confessions Maguire,7,62,0.06200000000000000000
Drama,Tenenbaums Command,4,62,0.06200000000000000000
Drama,Coneheads Smoochy,7,62,0.06200000000000000000
Drama,Hanging Deep,5,62,0.06200000000000000000
Drama,Racer Egg,7,62,0.06200000000000000000
Drama,Deceiver Betrayed,7,62,0.06200000000000000000
Drama,Paths Control,3,62,0.06200000000000000000
Drama,Luck Opus,7,62,0.06200000000000000000
Drama,Shootist Superfly,6,62,0.06200000000000000000
Drama,Darkness War,6,62,0.06200000000000000000
Drama,Treatment Jekyll,3,62,0.06200000000000000000
Drama,Diary Panic,7,62,0.06200000000000000000
Drama,Paycheck Wait,4,62,0.06200000000000000000
Drama,Witches Panic,6,62,0.06200000000000000000
Drama,Harold French,6,62,0.06200000000000000000
Drama,Vietnam Smoochy,7,62,0.06200000000000000000
Drama,Craft Outfield,6,62,0.06200000000000000000
Drama,Hobbit Alien,5,62,0.06200000000000000000
Drama,Apollo Teen,5,62,0.06200000000000000000
Drama,West Lion,4,62,0.06200000000000000000
Drama,Beethoven Exorcist,6,62,0.06200000000000000000
Drama,Notting Speakeasy,7,62,0.06200000000000000000
Drama,Conquerer Nuts,4,62,0.06200000000000000000
Drama,Gone Trouble,7,62,0.06200000000000000000
Drama,Sea Virgin,4,62,0.06200000000000000000
Drama,Destination Jerk,3,62,0.06200000000000000000
Drama,Hunchback Impossible,4,62,0.06200000000000000000
Drama,Pity Bound,5,62,0.06200000000000000000
Drama,Chitty Lock,6,62,0.06200000000000000000
Drama,Queen Luke,5,62,0.06200000000000000000
Drama,Reunion Witches,3,62,0.06200000000000000000
Drama,Torque Bound,3,62,0.06200000000000000000
Drama,Rocky War,4,62,0.06200000000000000000
Drama,Orient Closer,3,62,0.06200000000000000000
Drama,Mob Duffel,4,62,0.06200000000000000000
Drama,Scorpion Apollo,3,62,0.06200000000000000000
Drama,Dalmations Sweden,4,62,0.06200000000000000000
Drama,Goldfinger Sensibility,3,62,0.06200000000000000000
Drama,Beauty Grease,5,62,0.06200000000000000000
Drama,Slacker Liaisons,7,62,0.06200000000000000000
Drama,Bright Encounters,4,62,0.06200000000000000000
Drama,Chill Luck,6,62,0.06200000000000000000
New,Stock Glass,7,63,0.06300000000000000000
New,Runaway Tenenbaums,6,63,0.06300000000000000000
New,Wake Jaws,7,63,0.06300000000000000000
New,Maiden Home,3,63,0.06300000000000000000
New,Flash Wars,3,63,0.06300000000000000000
New,Mannequin Worst,3,63,0.06300000000000000000
New,Birds Perdition,5,63,0.06300000000000000000
New,Amistad Midsummer,6,63,0.06300000000000000000
New,Butch Panther,6,63,0.06300000000000000000
New,Breakfast Goldfinger,5,63,0.06300000000000000000
New,Hours Rage,4,63,0.06300000000000000000
New,Pianist Outfield,6,63,0.06300000000000000000
New,Cleopatra Devil,6,63,0.06300000000000000000
New,Frontier Cabin,6,63,0.06300000000000000000
New,Day Unfaithful,3,63,0.06300000000000000000
New,Phantom Glory,6,63,0.06300000000000000000
New,Jumanji Blade,4,63,0.06300000000000000000
New,Angels Life,3,63,0.06300000000000000000
New,Idaho Love,3,63,0.06300000000000000000
New,Vampire Whale,4,63,0.06300000000000000000
New,Wild Apollo,4,63,0.06300000000000000000
New,Varsity Trip,7,63,0.06300000000000000000
New,Eagles Panky,4,63,0.06300000000000000000
New,Apocalypse Flamingos,6,63,0.06300000000000000000
New,Loverboy Attacks,7,63,0.06300000000000000000
New,Chaplin License,7,63,0.06300000000000000000
New,Ending Crowds,6,63,0.06300000000000000000
New,Oklahoma Jumanji,7,63,0.06300000000000000000
New,Mine Titans,3,63,0.06300000000000000000
New,Voice Peach,6,63,0.06300000000000000000
New,Sting Personal,3,63,0.06300000000000000000
New,Nuts Ties,5,63,0.06300000000000000000
New,Flamingos Connecticut,4,63,0.06300000000000000000
New,Butterfly Chocolat,3,63,0.06300000000000000000
New,Fatal Haunted,6,63,0.06300000000000000000
New,Destiny Saturday,4,63,0.06300000000000000000
New,Breaking Home,4,63,0.06300000000000000000
New,Brannigan Sunrise,4,63,0.06300000000000000000
New,Run Pacific,3,63,0.06300000000000000000
New,Clyde Theory,4,63,0.06300000000000000000
New,Pluto Oleander,5,63,0.06300000000000000000
New,Eve Resurrection,5,63,0.06300000000000000000
New,Jungle Closer,6,63,0.06300000000000000000
New,Dragonfly Strangers,6,63,0.06300000000000000000
New,Money Harold,3,63,0.06300000000000000000
New,Unbreakable Karate,3,63,0.06300000000000000000
New,Godfather Diary,3,63,0.06300000000000000000
New,Jekyll Frogmen,4,63,0.06300000000000000000
New,Salute Apollo,4,63,0.06300000000000000000
New,Vanished Garden,5,63,0.06300000000000000000
New,Samurai Lion,5,63,0.06300000000000000000
New,Interview Liaisons,4,63,0.06300000000000000000
New,Ridgemont Submarine,3,63,0.06300000000000000000
New,Wyoming Storm,6,63,0.06300000000000000000
New,Chinatown Gladiator,7,63,0.06300000000000000000
New,Sleepy Japanese,4,63,0.06300000000000000000
New,Boulevard Mob,3,63,0.06300000000000000000
New,Troopers Metal,3,63,0.06300000000000000000
New,Earth Vision,7,63,0.06300000000000000000
New,Mask Peach,6,63,0.06300000000000000000
New,Redemption Comforts,3,63,0.06300000000000000000
New,Attraction Newton,5,63,0.06300000000000000000
New,Platoon Instinct,6,63,0.06300000000000000000
Action,Handicap Boondock,4,64,0.06400000000000000000
Action,Quest Mussolini,5,64,0.06400000000000000000
Action,Firehouse Vietnam,7,64,0.06400000000000000000
Action,Werewolf Lola,6,64,0.06400000000000000000
Action,Midnight Westward,3,64,0.06400000000000000000
Action,Lawrence Love,7,64,0.06400000000000000000
Action,Darko Dorado,3,64,0.06400000000000000000
Action,Fool Mockingbird,3,64,0.06400000000000000000
Action,Lord Arizona,5,64,0.06400000000000000000
Action,Glass Dying,4,64,0.06400000000000000000
Action,Caddyshack Jedi,3,64,0.06400000000000000000
Action,Campus Remember,5,64,0.06400000000000000000
Action,Montezuma Command,6,64,0.06400000000000000000
Action,Uprising Uptown,6,64,0.06400000000000000000
Action,Shrunk Divine,6,64,0.06400000000000000000
Action,Kissing Dolls,3,64,0.06400000000000000000
Action,Sky Miracle,7,64,0.06400000000000000000
Action,Speakeasy Date,6,64,0.06400000000000000000
Action,Darn Forrester,7,64,0.06400000000000000000
Action,Gosford Donnie,5,64,0.06400000000000000000
Action,Excitement Eve,3,64,0.06400000000000000000
Action,Devil Desire,6,64,0.06400000000000000000
Action,Entrapment Satisfaction,5,64,0.06400000000000000000
Action,Park Citizen,3,64,0.06400000000000000000
Action,Berets Agent,5,64,0.06400000000000000000
Action,Crow Grease,6,64,0.06400000000000000000
Action,Dream Pickup,6,64,0.06400000000000000000
Action,Lust Lock,3,64,0.06400000000000000000
Action,Rear Trading,6,64,0.06400000000000000000
Action,Side Ark,5,64,0.06400000000000000000
Action,Waterfront Deliverance,4,64,0.06400000000000000000
Action,Dragon Squad,4,64,0.06400000000000000000
Action,Ark Ridgemont,6,64,0.06400000000000000000
Action,Dances None,3,64,0.06400000000000000000
Action,Minds Truman,3,64,0.06400000000000000000
Action,Worst Banger,4,64,0.06400000000000000000
Action,Mockingbird Hollywood,4,64,0.06400000000000000000
Action,Bride Intrigue,7,64,0.06400000000000000000
Action,Celebrity Horn,7,64,0.06400000000000000000
Action,Story Side,7,64,0.06400000000000000000
Action,Grail Frankenstein,4,64,0.06400000000000000000
Action,Trip Newton,7,64,0.06400000000000000000
Action,Clueless Bucket,4,64,0.06400000000000000000
Action,Casualties Encino,3,64,0.06400000000000000000
Action,Primary Glass,7,64,0.06400000000000000000
Action,Bull Shawshank,6,64,0.06400000000000000000
Action,Suspects Quills,4,64,0.06400000000000000000
Action,Truman Crazy,7,64,0.06400000000000000000
Action,Fantasy Troopers,6,64,0.06400000000000000000
Action,Women Dorado,4,64,0.06400000000000000000
Action,Barefoot Manchurian,6,64,0.06400000000000000000
Action,Stagecoach Armageddon,5,64,0.06400000000000000000
Action,South Wait,4,64,0.06400000000000000000
Action,Rugrats Shakespeare,4,64,0.06400000000000000000
Action,Forrest Sons,4,64,0.06400000000000000000
Action,Amadeus Holy,6,64,0.06400000000000000000
Action,Magnolia Forrester,4,64,0.06400000000000000000
Action,Hills Neighbors,5,64,0.06400000000000000000
Action,Rings Heartbreakers,5,64,0.06400000000000000000
Action,Drifter Commandments,5,64,0.06400000000000000000
Action,Easy Gladiator,5,64,0.06400000000000000000
Action,Antitrust Tomatoes,5,64,0.06400000000000000000
Action,American Circus,3,64,0.06400000000000000000
Action,Patriot Roman,6,64,0.06400000000000000000
Animation,Pride Alamo,6,66,0.06600000000000000000
Animation,Miracle Virtual,3,66,0.06600000000000000000
Animation,Donnie Alley,4,66,0.06600000000000000000
Animation,Flying Hook,6,66,0.06600000000000000000
Animation,Theory Mermaid,5,66,0.06600000000000000000
Animation,Horn Working,4,66,0.06600000000000000000
Animation,Potluck Mixed,3,66,0.06600000000000000000
Animation,Room Roman,7,66,0.06600000000000000000
Animation,Harper Dying,3,66,0.06600000000000000000
Animation,Massage Image,4,66,0.06600000000000000000
Animation,Tracy Cider,3,66,0.06600000000000000000
Animation,Wonka Sea,6,66,0.06600000000000000000
Animation,Alter Victory,6,66,0.06600000000000000000
Animation,Desire Alien,7,66,0.06600000000000000000
Animation,Snowman Rollercoaster,3,66,0.06600000000000000000
Animation,Insects Stone,3,66,0.06600000000000000000
Animation,Doors President,3,66,0.06600000000000000000
Animation,Crossroads Casualties,5,66,0.06600000000000000000
Animation,Nash Chocolat,6,66,0.06600000000000000000
Animation,Storm Happiness,6,66,0.06600000000000000000
Animation,Wait Cider,3,66,0.06600000000000000000
Animation,Canyon Stock,7,66,0.06600000000000000000
Animation,Potter Connecticut,5,66,0.06600000000000000000
Animation,Lawless Vision,6,66,0.06600000000000000000
Animation,Borrowers Bedazzled,7,66,0.06600000000000000000
Animation,Sons Interview,3,66,0.06600000000000000000
Animation,Blackout Private,7,66,0.06600000000000000000
Animation,Champion Flatliners,4,66,0.06600000000000000000
Animation,Thief Pelican,5,66,0.06600000000000000000
Animation,Clash Freddy,6,66,0.06600000000000000000
Animation,Bikini Borrowers,7,66,0.06600000000000000000
Animation,Ishtar Rocketeer,4,66,0.06600000000000000000
Animation,Titanic Boondock,3,66,0.06600000000000000000
Animation,Falcon Volume,5,66,0.06600000000000000000
Animation,Juggler Hardly,4,66,0.06600000000000000000
Animation,Gangs Pride,4,66,0.06600000000000000000
Animation,Sleepless Monsoon,5,66,0.06600000000000000000
Animation,Argonauts Town,7,66,0.06600000000000000000
Animation,Duck Racer,4,66,0.06600000000000000000
Animation,Double Wrath,4,66,0.06600000000000000000
Animation,Turn Star,3,66,0.06600000000000000000
Animation,Club Graffiti,4,66,0.06600000000000000000
Animation,Oz Liaisons,4,66,0.06600000000000000000
Animation,Sunrise League,3,66,0.06600000000000000000
Animation,Punk Divorce,6,66,0.06600000000000000000
Animation,Oscar Gold,7,66,0.06600000000000000000
Animation,Pond Seattle,7,66,0.06600000000000000000
Animation,Menagerie Rushmore,7,66,0.06600000000000000000
Animation,Mission Zoolander,3,66,0.06600000000000000000
Animation,Anaconda Confessions,3,66,0.06600000000000000000
Animation,Intentions Empire,3,66,0.06600000000000000000
Animation,Dares Pluto,7,66,0.06600000000000000000
Animation,Packer Madigan,3,66,0.06600000000000000000
Animation,Forrester Comancheros,7,66,0.06600000000000000000
Animation,Sugar Wonka,3,66,0.06600000000000000000
Animation,Dogma Family,5,66,0.06600000000000000000
Animation,Telemark Heartbreakers,6,66,0.06600000000000000000
Animation,Fight Jawbreaker,3,66,0.06600000000000000000
Animation,Early Home,6,66,0.06600000000000000000
Animation,Ghostbusters Elf,7,66,0.06600000000000000000
Animation,Hook Chariots,7,66,0.06600000000000000000
Animation,Carol Texas,4,66,0.06600000000000000000
Animation,Watch Tracy,5,66,0.06600000000000000000
Animation,Inch Jet,6,66,0.06600000000000000000
Animation,Floats Garden,6,66,0.06600000000000000000
Animation,Luke Mummy,5,66,0.06600000000000000000
Documentary,Young Language,6,68,0.06800000000000000000
Documentary,Villain Desperate,4,68,0.06800000000000000000
Documentary,Wedding Apollo,3,68,0.06800000000000000000
Documentary,Cider Desire,7,68,0.06800000000000000000
Documentary,Cupboard Sinners,4,68,0.06800000000000000000
Documentary,Army Flintstones,4,68,0.06800000000000000000
Documentary,Mighty Luck,7,68,0.06800000000000000000
Documentary,Bill Others,6,68,0.06800000000000000000
Documentary,Halloween Nuts,6,68,0.06800000000000000000
Documentary,Secret Groundhog,6,68,0.06800000000000000000
Documentary,Dozen Lion,6,68,0.06800000000000000000
Documentary,Clerks Angels,3,68,0.06800000000000000000
Documentary,Hawk Chill,5,68,0.06800000000000000000
Documentary,United Pilot,3,68,0.06800000000000000000
Documentary,Duffel Apocalypse,5,68,0.06800000000000000000
Documentary,Dancing Fever,6,68,0.06800000000000000000
Documentary,National Story,4,68,0.06800000000000000000
Documentary,Pelican Comforts,4,68,0.06800000000000000000
Documentary,Chicken Hellfighters,3,68,0.06800000000000000000
Documentary,Madison Trap,4,68,0.06800000000000000000
Documentary,Road Roxanne,4,68,0.06800000000000000000
Documentary,Smoking Barbarella,7,68,0.06800000000000000000
Documentary,Deep Crusade,6,68,0.06800000000000000000
Documentary,Rainbow Shock,3,68,0.06800000000000000000
Documentary,Spoilers Hellfighters,4,68,0.06800000000000000000
Documentary,Ship Wonderland,5,68,0.06800000000000000000
Documentary,Pacific Amistad,3,68,0.06800000000000000000
Documentary,Adaptation Holes,7,68,0.06800000000000000000
Documentary,French Holiday,5,68,0.06800000000000000000
Documentary,Intolerable Intentions,6,68,0.06800000000000000000
Documentary,Quills Bull,4,68,0.06800000000000000000
Documentary,Show Lord,3,68,0.06800000000000000000
Documentary,Sagebrush Clueless,4,68,0.06800000000000000000
Documentary,Newsies Story,4,68,0.06800000000000000000
Documentary,Kill Brotherhood,4,68,0.06800000000000000000
Documentary,Brotherhood Blanket,3,68,0.06800000000000000000
Documentary,Modern Dorado,3,68,0.06800000000000000000
Documentary,Wrath Mile,5,68,0.06800000000000000000
Documentary,Wagon Jaws,7,68,0.06800000000000000000
Documentary,Notorious Reunion,7,68,0.06800000000000000000
Documentary,Pocus Pulp,6,68,0.06800000000000000000
Documentary,Streak Ridgemont,7,68,0.06800000000000000000
Documentary,Bonnie Holocaust,4,68,0.06800000000000000000
Documentary,Beach Heartbreakers,6,68,0.06800000000000000000
Documentary,Raiders Antitrust,4,68,0.06800000000000000000
Documentary,Expendable Stallion,3,68,0.06800000000000000000
Documentary,Thin Sagebrush,5,68,0.06800000000000000000
Documentary,Virginian Pluto,5,68,0.06800000000000000000
Documentary,Coast Rainbow,4,68,0.06800000000000000000
Documentary,Midsummer Groundhog,3,68,0.06800000000000000000
Documentary,Hunter Alter,5,68,0.06800000000000000000
Documentary,Heavyweights Beast,6,68,0.06800000000000000000
Documentary,Deliverance Mulholland,4,68,0.06800000000000000000
Documentary,Untouchables Sunrise,5,68,0.06800000000000000000
Documentary,Wife Turn,3,68,0.06800000000000000000
Documentary,Homeward Cider,5,68,0.06800000000000000000
Documentary,Mod Secretary,6,68,0.06800000000000000000
Documentary,Majestic Floats,5,68,0.06800000000000000000
Documentary,Cause Date,3,68,0.06800000000000000000
Documentary,Metal Armageddon,6,68,0.06800000000000000000
Documentary,Bed Highball,5,68,0.06800000000000000000
Documentary,North Tequila,4,68,0.06800000000000000000
Documentary,Wars Pluto,5,68,0.06800000000000000000
Documentary,Independence Hotel,5,68,0.06800000000000000000
Documentary,Princess Giant,3,68,0.06800000000000000000
Documentary,Egg Igby,4,68,0.06800000000000000000
Documentary,Academy Dinosaur,6,68,0.06800000000000000000
Documentary,Hardly Robbers,7,68,0.06800000000000000000
Family,Range Moonwalker,3,69,0.06900000000000000000
Family,Soup Wisdom,6,69,0.06900000000000000000
Family,Bilko Anonymous,3,69,0.06900000000000000000
Family,Louisiana Harry,5,69,0.06900000000000000000
Family,President Bang,6,69,0.06900000000000000000
Family,Atlantis Cause,6,69,0.06900000000000000000
Family,Hocus Frida,4,69,0.06900000000000000000
Family,Rush Goodfellas,3,69,0.06900000000000000000
Family,Half Outfield,6,69,0.06900000000000000000
Family,Sensibility Rear,7,69,0.06900000000000000000
Family,Super Wyoming,5,69,0.06900000000000000000
Family,Conversation Downhill,4,69,0.06900000000000000000
Family,Movie Shakespeare,6,69,0.06900000000000000000
Family,Chisum Behavior,5,69,0.06900000000000000000
Family,Bedazzled Married,6,69,0.06900000000000000000
Family,Prix Undefeated,4,69,0.06900000000000000000
Family,Effect Gladiator,6,69,0.06900000000000000000
Family,Pittsburgh Hunchback,4,69,0.06900000000000000000
Family,Rage Games,4,69,0.06900000000000000000
Family,Music Boondock,7,69,0.06900000000000000000
Family,Spartacus Cheaper,4,69,0.06900000000000000000
Family,Network Peak,5,69,0.06900000000000000000
Family,Splash Gump,5,69,0.06900000000000000000
Family,African Egg,6,69,0.06900000000000000000
Family,Pilot Hoosiers,6,69,0.06900000000000000000
Family,Finding Anaconda,4,69,0.06900000000000000000
Family,Killer Innocent,7,69,0.06900000000000000000
Family,Odds Boogie,6,69,0.06900000000000000000
Family,Homicide Peach,6,69,0.06900000000000000000
Family,Gandhi Kwai,7,69,0.06900000000000000000
Family,Confused Candles,3,69,0.06900000000000000000
Family,Hunting Musketeers,6,69,0.06900000000000000000
Family,Maguire Apache,6,69,0.06900000000000000000
Family,Siege Madre,7,69,0.06900000000000000000
Family,Willow Tracy,6,69,0.06900000000000000000
Family,Bang Kwai,5,69,0.06900000000000000000
Family,Virtual Spoilers,3,69,0.06900000000000000000
Family,Gladiator Westward,6,69,0.06900000000000000000
Family,King Evolution,3,69,0.06900000000000000000
Family,House Dynamite,7,69,0.06900000000000000000
Family,Dinosaur Secretary,7,69,0.06900000000000000000
Family,Remember Diary,5,69,0.06900000000000000000
Family,Slums Duck,5,69,0.06900000000000000000
Family,Chocolat Harry,5,69,0.06900000000000000000
Family,Feud Frogmen,6,69,0.06900000000000000000
Family,Robbery Bright,4,69,0.06900000000000000000
Family,Manchurian Curtain,5,69,0.06900000000000000000
Family,Blood Argonauts,3,69,0.06900000000000000000
Family,Baked Cleopatra,3,69,0.06900000000000000000
Family,Apache Divine,5,69,0.06900000000000000000
Family,Lolita World,4,69,0.06900000000000000000
Family,Braveheart Human,7,69,0.06900000000000000000
Family,Blanket Beverly,7,69,0.06900000000000000000
Family,Gables Metropolis,3,69,0.06900000000000000000
Family,Jedi Beneath,7,69,0.06900000000000000000
Family,Resurrection Silverado,6,69,0.06900000000000000000
Family,Grease Youth,7,69,0.06900000000000000000
Family,Opposite Necklace,7,69,0.06900000000000000000
Family,Date Speed,4,69,0.06900000000000000000
Family,Spinal Rocky,7,69,0.06900000000000000000
Family,Earring Instinct,3,69,0.06900000000000000000
Family,Blues Instinct,5,69,0.06900000000000000000
Family,Indian Love,4,69,0.06900000000000000000
Family,Chasing Fight,7,69,0.06900000000000000000
Family,Natural Stock,4,69,0.06900000000000000000
Family,Sunset Racer,6,69,0.06900000000000000000
Family,Secrets Paradise,3,69,0.06900000000000000000
Family,Dumbo Lust,5,69,0.06900000000000000000
Family,Jason Trap,5,69,0.06900000000000000000
Foreign,Usual Untouchables,5,73,0.07300000000000000000
Foreign,Orange Grapes,4,73,0.07300000000000000000
Foreign,Meet Chocolate,3,73,0.07300000000000000000
Foreign,Pet Haunting,3,73,0.07300000000000000000
Foreign,Dangerous Uptown,7,73,0.07300000000000000000
Foreign,Purple Movie,4,73,0.07300000000000000000
Foreign,Maude Mod,6,73,0.07300000000000000000
Foreign,Sorority Queen,6,73,0.07300000000000000000
Foreign,Jet Neighbors,7,73,0.07300000000000000000
Foreign,Shock Cabin,7,73,0.07300000000000000000
Foreign,Wonderful Drop,3,73,0.07300000000000000000
Foreign,Alley Evolution,6,73,0.07300000000000000000
Foreign,Bugsy Song,4,73,0.07300000000000000000
Foreign,Command Darling,5,73,0.07300000000000000000
Foreign,School Jacket,5,73,0.07300000000000000000
Foreign,Innocent Usual,3,73,0.07300000000000000000
Foreign,Past Suicides,5,73,0.07300000000000000000
Foreign,Greek Everyone,7,73,0.07300000000000000000
Foreign,Ballroom Mockingbird,6,73,0.07300000000000000000
Foreign,Shrek License,7,73,0.07300000000000000000
Foreign,Hotel Happiness,6,73,0.07300000000000000000
Foreign,Newton Labyrinth,4,73,0.07300000000000000000
Foreign,Impossible Prejudice,7,73,0.07300000000000000000
Foreign,Town Ark,6,73,0.07300000000000000000
Foreign,Hoosiers Birdcage,3,73,0.07300000000000000000
Foreign,Alamo Videotape,6,73,0.07300000000000000000
Foreign,Kane Exorcist,5,73,0.07300000000000000000
Foreign,Reservoir Adaptation,7,73,0.07300000000000000000
Foreign,Chocolate Duck,3,73,0.07300000000000000000
Foreign,Everyone Craft,4,73,0.07300000000000000000
Foreign,Informer Double,4,73,0.07300000000000000000
Foreign,Illusion Amelie,4,73,0.07300000000000000000
Foreign,Stepmom Dream,7,73,0.07300000000000000000
Foreign,Crossing Divorce,4,73,0.07300000000000000000
Foreign,Trap Guys,3,73,0.07300000000000000000
Foreign,Moon Bunch,7,73,0.07300000000000000000
Foreign,Doubtfire Labyrinth,5,73,0.07300000000000000000
Foreign,Lose Inch,3,73,0.07300000000000000000
Foreign,Intrigue Worst,6,73,0.07300000000000000000
Foreign,Muppet Mile,5,73,0.07300000000000000000
Foreign,Scissorhands Slums,5,73,0.07300000000000000000
Foreign,Matrix Snowman,6,73,0.07300000000000000000
Foreign,Crystal Breaking,6,73,0.07300000000000000000
Foreign,Wash Heavenly,7,73,0.07300000000000000000
Foreign,Brooklyn Desert,7,73,0.07300000000000000000
Foreign,Baby Hall,5,73,0.07300000000000000000
Foreign,Kiss Glory,5,73,0.07300000000000000000
Foreign,Fiction Christmas,4,73,0.07300000000000000000
Foreign,Alien Center,5,73,0.07300000000000000000
Foreign,Cowboy Doom,3,73,0.07300000000000000000
Foreign,Frida Slipper,6,73,0.07300000000000000000
Foreign,Rocketeer Mother,3,73,0.07300000000000000000
Foreign,Happiness United,6,73,0.07300000000000000000
Foreign,Mixed Doors,6,73,0.07300000000000000000
Foreign,Grapes Fury,4,73,0.07300000000000000000
Foreign,Gentlemen Stage,6,73,0.07300000000000000000
Foreign,War Notting,7,73,0.07300000000000000000
Foreign,Agent Truman,3,73,0.07300000000000000000
Foreign,Vision Torque,5,73,0.07300000000000000000
Foreign,Whale Bikini,4,73,0.07300000000000000000
Foreign,Hunger Roof,6,73,0.07300000000000000000
Foreign,Holiday Games,7,73,0.07300000000000000000
Foreign,Cyclone Family,7,73,0.07300000000000000000
Foreign,Madness Attacks,4,73,0.07300000000000000000
Foreign,Pollock Deliverance,5,73,0.07300000000000000000
Foreign,Hellfighters Sierra,3,73,0.07300000000000000000
Foreign,Opus Ice,5,73,0.07300000000000000000
Foreign,Pearl Destiny,3,73,0.07300000000000000000
Foreign,Catch Amistad,7,73,0.07300000000000000000
Foreign,Highball Potter,6,73,0.07300000000000000000
Foreign,Calendar Gunfight,4,73,0.07300000000000000000
Foreign,Lost Bird,4,73,0.07300000000000000000
Foreign,Mulholland Beast,7,73,0.07300000000000000000
Sports,Perdition Fargo,7,74,0.07400000000000000000
Sports,Seabiscuit Punk,6,74,0.07400000000000000000
Sports,Kramer Chocolate,3,74,0.07400000000000000000
Sports,Anonymous Human,7,74,0.07400000000000000000
Sports,Roses Treasure,5,74,0.07400000000000000000
Sports,Tourist Pelican,4,74,0.07400000000000000000
Sports,Secretary Rouge,5,74,0.07400000000000000000
Sports,Instinct Airport,4,74,0.07400000000000000000
Sports,Congeniality Quest,6,74,0.07400000000000000000
Sports,Novocaine Flight,4,74,0.07400000000000000000
Sports,Jade Bunch,6,74,0.07400000000000000000
Sports,Victory Academy,6,74,0.07400000000000000000
Sports,Peak Forever,7,74,0.07400000000000000000
Sports,Cranes Reservoir,5,74,0.07400000000000000000
Sports,Slipper Fidelity,5,74,0.07400000000000000000
Sports,Caribbean Liberty,3,74,0.07400000000000000000
Sports,Hysterical Grail,5,74,0.07400000000000000000
Sports,Squad Fish,3,74,0.07400000000000000000
Sports,Trading Pinocchio,6,74,0.07400000000000000000
Sports,Poseidon Forever,6,74,0.07400000000000000000
Sports,Holes Brannigan,7,74,0.07400000000000000000
Sports,Mosquito Armageddon,6,74,0.07400000000000000000
Sports,Peach Innocent,3,74,0.07400000000000000000
Sports,Rider Caddyshack,5,74,0.07400000000000000000
Sports,Philadelphia Wife,7,74,0.07400000000000000000
Sports,Mummy Creatures,3,74,0.07400000000000000000
Sports,Evolution Alter,5,74,0.07400000000000000000
Sports,Mussolini Spoilers,6,74,0.07400000000000000000
Sports,Flatliners Killer,5,74,0.07400000000000000000
Sports,Bubble Grosse,4,74,0.07400000000000000000
Sports,Pirates Roxanne,4,74,0.07400000000000000000
Sports,Neighbors Charade,3,74,0.07400000000000000000
Sports,Flight Lies,7,74,0.07400000000000000000
Sports,Groove Fiction,6,74,0.07400000000000000000
Sports,Gunfighter Mussolini,3,74,0.07400000000000000000
Sports,Pickup Driving,3,74,0.07400000000000000000
Sports,Straight Hours,3,74,0.07400000000000000000
Sports,Mother Oleander,3,74,0.07400000000000000000
Sports,Shakespeare Saddle,6,74,0.07400000000000000000
Sports,Star Operation,5,74,0.07400000000000000000
Sports,Artist Coldblooded,5,74,0.07400000000000000000
Sports,Mile Mulan,4,74,0.07400000000000000000
Sports,River Outlaw,4,74,0.07400000000000000000
Sports,Steers Armageddon,6,74,0.07400000000000000000
Sports,Smoochy Control,7,74,0.07400000000000000000
Sports,Honey Ties,3,74,0.07400000000000000000
Sports,Exorcist Sting,6,74,0.07400000000000000000
Sports,Elizabeth Shane,7,74,0.07400000000000000000
Sports,Image Princess,3,74,0.07400000000000000000
Sports,Gleaming Jawbreaker,5,74,0.07400000000000000000
Sports,Chance Resurrection,3,74,0.07400000000000000000
Sports,Liberty Magnificent,3,74,0.07400000000000000000
Sports,California Birds,4,74,0.07400000000000000000
Sports,Sense Greek,4,74,0.07400000000000000000
Sports,Dude Blindness,3,74,0.07400000000000000000
Sports,Sierra Divide,3,74,0.07400000000000000000
Sports,Talented Homicide,6,74,0.07400000000000000000
Sports,Northwest Polish,5,74,0.07400000000000000000
Sports,Lesson Cleopatra,3,74,0.07400000000000000000
Sports,Saturday Lambs,3,74,0.07400000000000000000
Sports,Mermaid Insects,5,74,0.07400000000000000000
Sports,Driver Annie,4,74,0.07400000000000000000
Sports,Durham Panky,6,74,0.07400000000000000000
Sports,Crusade Honey,4,74,0.07400000000000000000
Sports,Tights Dawn,5,74,0.07400000000000000000
Sports,Divorce Shining,3,74,0.07400000000000000000
Sports,Records Zorro,7,74,0.07400000000000000000
Sports,Joon Northwest,3,74,0.07400000000000000000
Sports,Aladdin Calendar,6,74,0.07400000000000000000
Sports,Graceland Dynamite,5,74,0.07400000000000000000
Sports,Drop Waterfront,6,74,0.07400000000000000000
Sports,Loser Hustler,5,74,0.07400000000000000000
Sports,Tuxedo Mile,3,74,0.07400000000000000000
Sports,Satisfaction Confidential,3,74,0.07400000000000000000
